{
  "passwords": [
    {
      "username": "ricky",
      "password": "middl3ware",
      "_id": 1
    },
    {
      "username": "moose",
      "password": "redhat",
      "_id": 2
    },
    {
      "username": "ethan",
      "password": "PB&Jplz!",
      "_id": 3
    },
    {
      "username": "josh",
      "password": "n3v3rSleep",
      "_id": 4
    },
    {
      "username": "lando",
      "password": "calrissian",
      "_id": 5
    },
    {
      "username": "darwish",
      "password": "gobble123",
      "_id": 6
    },
    {
      "username": "abhi",
      "password": "pressup",
      "_id": 7
    }
  ]
}
