{
  "passwords": [
    {
      "username": "ricky",
      "_id": 1,
      "password": "6083d74a1046e77b0552223984101c0bf66f6a9aa0e7a8c8a87653c64ffbd1b0"
    },
    {
      "username": "moose",
      "_id": 2,
      "password": "7d3b5c83009fadf734c06eeecd7fbe256c69f71c8ba0429e4d7ad5f54b2e4097"
    },
    {
      "username": "ethan",
      "_id": 3,
      "password": "9dfc90c246b992e3b16bcf55fd0edbf58bc3d936a50ba2bb51580fbdbe90990e"
    },
    {
      "username": "josh",
      "_id": 4,
      "password": "3460d38c0dee139e4fc490245a02110b7f40d486b713dd422861d48fe6feaa4d"
    },
    {
      "username": "lando",
      "_id": 5,
      "password": "6fe2ffe59a53ee8ced9bdfda9b878d53ccfa5e3636892c2bf0c100a5d474f2d2"
    },
    {
      "username": "darwish",
      "_id": 6,
      "password": "4efc41f2772eb80246511ed63841bf8ce67e015b3216cf2b4d73a2ea08cbd58c"
    },
    {
      "username": "abhi",
      "_id": 7,
      "password": "2d506d2f63beffee3e0d97b2381408f32afe6f4388dbf91eef083db51d56fe94"
    }
  ]
}
