[{"id":1,"email":"pwatkins0@upenn.edu","password":"TYGmfMbuuWB5","first_name":"Peter"},
{"id":2,"email":"jtorres1@sbwire.com","password":"J7JCfVEOEP","first_name":"Jose"},
{"id":3,"email":"bburton2@yale.edu","password":"cwRmVfsT1","first_name":"Brenda"},
{"id":4,"email":"esimmons3@soundcloud.com","password":"6KIj0Pmy0","first_name":"Eugene"},
{"id":5,"email":"fwallace4@1688.com","password":"5BrXWftN","first_name":"Frank"},
{"id":6,"email":"aferguson5@amazon.co.jp","password":"bbrK2bSu","first_name":"Ashley"},
{"id":7,"email":"aromero6@icio.us","password":"QQoWQflOMF1","first_name":"Anne"},
{"id":8,"email":"pgarza7@homestead.com","password":"eo7hUUB4Q","first_name":"Patrick"},
{"id":9,"email":"smatthews8@washington.edu","password":"vlJROEj3","first_name":"Sharon"},
{"id":10,"email":"hdunn9@wiley.com","password":"x3u4uHdoPk","first_name":"Heather"},
{"id":11,"email":"rcrawforda@mayoclinic.com","password":"8LGeH5","first_name":"Richard"},
{"id":12,"email":"ldunnb@amazon.de","password":"h70UmnUNsx","first_name":"Lawrence"},
{"id":13,"email":"ssmithc@paypal.com","password":"dDPgLABXL","first_name":"Sean"},
{"id":14,"email":"krusselld@microsoft.com","password":"0lWdfH7HE79P","first_name":"Kathleen"},
{"id":15,"email":"kharte@yale.edu","password":"XMB5hvARUw","first_name":"Katherine"},
{"id":16,"email":"kkingf@admin.ch","password":"8jt5GH","first_name":"Kenneth"},
{"id":17,"email":"shanseng@free.fr","password":"YnaNTsz","first_name":"Shirley"},
{"id":18,"email":"mbowmanh@baidu.com","password":"AL0ftlaeq1Xh","first_name":"Martha"},
{"id":19,"email":"tbryanti@feedburner.com","password":"oHGJZmdlLf","first_name":"Tina"},
{"id":20,"email":"moliverj@sphinn.com","password":"QSpXwGjzR19r","first_name":"Marilyn"}]